{"mel_mean": -5.005783557891846, "mel_std": 2.419964075088501}